CREATE TABLE tabelao ( 
    tab_cop_edicao VARCHAR2(100), 
    tab_par_data VARCHAR2(100), 
    tab_par_fase VARCHAR2(100), 
    tab_est_nome VARCHAR2(100), 
    tab_cid_nome VARCHAR2(100), 
    tab_nome_time_a VARCHAR2(100), 
    tab_nome_time_b VARCHAR2(100), 
    tab_par_condicoes_de_vitoria VARCHAR2(100), 
    tab_par_publico VARCHAR2(100), 
    tab_par_id VARCHAR2(100), 
    tab_sel_iniciais_time_a VARCHAR2(100), 
    tab_sel_iniciais_time_b VARCHAR2(100) 
)

INSERT INTO TABELAO VALUES ('2014','17 Jun 2014 - 13:00','Group H','Estadio Mineirao','Belo Horizonte','Belgium','Algeria','','56800','300186479','BEL','ALG');
INSERT INTO TABELAO VALUES ('2014','14 Jun 2014 - 13:00','Group C','Estadio Mineirao','Belo Horizonte','Colombia','Greece','','57174','300186471','COL','GRE');
INSERT INTO TABELAO VALUES ('2014','21 Jun 2014 - 13:00','Group F','Estadio Mineirao','Belo Horizonte','Argentina','IR Iran','','57698','300186466','ARG','IRN');
INSERT INTO TABELAO VALUES ('2014','24 Jun 2014 - 13:00','Group D','Estadio Mineirao','Belo Horizonte','Costa Rica','England','','57823','300186484','CRC','ENG');
INSERT INTO TABELAO VALUES ('2014','28 Jun 2014 - 13:00','Round of 16','Estadio Mineirao','Belo Horizonte','Brazil','Chile','Brazil win on penalties (3 - 2) ','57714','300186487','BRA','CHI');
INSERT INTO TABELAO VALUES ('2014','08 Jul 2014 - 17:00','Semi-finals','Estadio Mineirao','Belo Horizonte','Brazil','Germany','','58141','300186474','BRA','GER');
INSERT INTO TABELAO VALUES ('2006','13 Jun 2006 - 21:00','Group F','Olympiastadion','Berlin','Brazil','Croatia','','72000','97410011','BRA','CRO');
INSERT INTO TABELAO VALUES ('2006','20 Jun 2006 - 16:00','Group A','Olympiastadion','Berlin','Ecuador','Germany','','72000','97410033','ECU','GER');
INSERT INTO TABELAO VALUES ('2006','15 Jun 2006 - 21:00','Group B','Olympiastadion','Berlin','Sweden','Paraguay','','72000','97410020','SWE','PAR');
INSERT INTO TABELAO VALUES ('2006','23 Jun 2006 - 16:00','Group H','Olympiastadion','Berlin','Ukraine','Tunisia','','72000','97410048','UKR','TUN');
INSERT INTO TABELAO VALUES ('2006','30 Jun 2006 - 17:00','Quarter-finals','Olympiastadion','Berlin','Germany','Argentina','Germany win on penalties (4 - 2) ','72000','97410057','GER','ARG');
INSERT INTO TABELAO VALUES ('2006','09 Jul 2006 - 20:00','Final','Olympiastadion','Berlin','Italy','France','Italy win on penalties (5 - 3) ','69000','97410064','ITA','FRA');
INSERT INTO TABELAO VALUES ('1998','26 Jun 1998 - 16:00','Group H','Stade du Parc Lescure','Bordeaux','Argentina','Croatia','','31800','8772','ARG','CRO');
INSERT INTO TABELAO VALUES ('1998','20 Jun 1998 - 17:30','Group E','Stade du Parc Lescure','Bordeaux','Belgium','Mexico','','31800','8750','BEL','MEX');
INSERT INTO TABELAO VALUES ('1998','11 Jun 1998 - 17:30','Group B','Stade du Parc Lescure','Bordeaux','Italy','Chile','','31800','8726','ITA','CHI');
INSERT INTO TABELAO VALUES ('1998','16 Jun 1998 - 17:30','Group A','Stade du Parc Lescure','Bordeaux','Scotland','Norway','','31800','8741','SCO','NOR');
INSERT INTO TABELAO VALUES ('1998','24 Jun 1998 - 16:00','Group C','Stade du Parc Lescure','Bordeaux','South Africa','Saudi Arabia','','31800','8764','RSA','KSA');
INSERT INTO TABELAO VALUES ('1998','30 Jun 1998 - 16:30','Round of 16','Stade du Parc Lescure','Bordeaux','Romania','Croatia','','31800','8780','ROU','CRO');
INSERT INTO TABELAO VALUES ('2014','26 Jun 2014 - 13:00','Group G','Estadio Nacional','Brasilia','Portugal','Ghana','','67540','300186476','POR','GHA');
INSERT INTO TABELAO VALUES ('2014','15 Jun 2014 - 13:00','Group E','Estadio Nacional','Brasilia','Switzerland','Ecuador','','68351','300186494','SUI','ECU');
INSERT INTO TABELAO VALUES ('2014','19 Jun 2014 - 13:00','Group C','Estadio Nacional','Brasilia','Colombia','Cote d''Ivoire','','68748','300186468','COL','CIV');
INSERT INTO TABELAO VALUES ('2014','23 Jun 2014 - 17:00','Group A','Estadio Nacional','Brasilia','Cameroon','Brazil','','69112','300186472','CMR','BRA');
INSERT INTO TABELAO VALUES ('2014','30 Jun 2014 - 13:00','Round of 16','Estadio Nacional','Brasilia','France','Nigeria','','67882','300186462','FRA','NGA');
INSERT INTO TABELAO VALUES ('2014','05 Jul 2014 - 13:00','Quarter-finals','Estadio Nacional','Brasilia','Argentina','Belgium','','68551','300186504','ARG','BEL');
INSERT INTO TABELAO VALUES ('2014','12 Jul 2014 - 17:00','Play-off for third place','Estadio Nacional','Brasilia','Brazil','Netherlands','','68034','300186502','BRA','NED');
INSERT INTO TABELAO VALUES ('2002','02 Jun 2002 - 16:30','Group B','Busan Asiad Main Stadium','Busan','Paraguay','South Africa','','25186','43950006','PAR','RSA');
INSERT INTO TABELAO VALUES ('2002','06 Jun 2002 - 20:30','Group A','Busan Asiad Main Stadium','Busan','France','Uruguay','','38289','43950018','FRA','URU');
INSERT INTO TABELAO VALUES ('2002','04 Jun 2002 - 20:30','Group D','Busan Asiad Main Stadium','Busan','Korea Republic','Poland','','48760','43950014','KOR','POL');
INSERT INTO TABELAO VALUES ('2010','29 Jun 2010 - 20:30','Round of 16','Cape Town Stadium','Cape Town','Spain','Portugal','','62955','300061498','ESP','POR');
INSERT INTO TABELAO VALUES ('2010','03 Jul 2010 - 16:00','Quarter-finals','Cape Town Stadium','Cape Town','Argentina','Germany','','64100','300061505','ARG','GER');
INSERT INTO TABELAO VALUES ('2010','06 Jul 2010 - 20:30','Semi-finals','Cape Town Stadium','Cape Town','Uruguay','Netherlands','','62479','300061512','URU','NED');
INSERT INTO TABELAO VALUES ('2010','14 Jun 2010 - 20:30','Group F','Cape Town Stadium','Cape Town','Italy','Paraguay','','62869','300061484','ITA','PAR');
INSERT INTO TABELAO VALUES ('2010','24 Jun 2010 - 20:30','Group E','Cape Town Stadium','Cape Town','Cameroon','Netherlands','','63093','300061473','CMR','NED');
INSERT INTO TABELAO VALUES ('2010','21 Jun 2010 - 13:30','Group G','Cape Town Stadium','Cape Town','Portugal','Korea DPR','','63644','300061487','POR','PRK');
INSERT INTO TABELAO VALUES ('2010','18 Jun 2010 - 20:30','Group C','Cape Town Stadium','Cape Town','England','Algeria','','64100','300061464','ENG','ALG');
INSERT INTO TABELAO VALUES ('2010','11 Jun 2010 - 20:30','Group A','Cape Town Stadium','Cape Town','Uruguay','France','','64100','300061453','URU','FRA');
INSERT INTO TABELAO VALUES ('2006','11 Jun 2006 - 21:00','Group D','FIFA World Cup Stadium, Cologne','Cologne','Angola','Portugal','','45000','97410008','ANG','POR');
INSERT INTO TABELAO VALUES ('2006','17 Jun 2006 - 18:00','Group E','FIFA World Cup Stadium, Cologne','Cologne','Czech Republic','Ghana','','45000','97410026','CZE','GHA');
INSERT INTO TABELAO VALUES ('2006','20 Jun 2006 - 21:00','Group B','FIFA World Cup Stadium, Cologne','Cologne','Sweden','England','','45000','97410035','SWE','ENG');
INSERT INTO TABELAO VALUES ('2006','23 Jun 2006 - 21:00','Group G','FIFA World Cup Stadium, Cologne','Cologne','Togo','France','','45000','97410045','TOG','FRA');
INSERT INTO TABELAO VALUES ('2006','26 Jun 2006 - 21:00','Round of 16','FIFA World Cup Stadium, Cologne','Cologne','Switzerland','Ukraine','Ukraine win on penalties (0 - 3) ','45000','97410054','SUI','UKR');
INSERT INTO TABELAO VALUES ('2014','17 Jun 2014 - 18:00','Group H','Arena Pantanal','Cuiaba','Russia','Korea Republic','','37603','300186499','RUS','KOR');
INSERT INTO TABELAO VALUES ('2014','13 Jun 2014 - 18:00','Group B','Arena Pantanal','Cuiaba','Chile','Australia','','40275','300186473','CHI','AUS');
INSERT INTO TABELAO VALUES ('2014','24 Jun 2014 - 16:00','Group C','Arena Pantanal','Cuiaba','Japan','Colombia','','40340','300186457','JPN','COL');
INSERT INTO TABELAO VALUES ('2014','21 Jun 2014 - 18:00','Group F','Arena Pantanal','Cuiaba','Nigeria','Bosnia and Herzegovina','','40499','300186511','NGA','BIH');
INSERT INTO TABELAO VALUES ('2014','16 Jun 2014 - 16:00','Group F','Arena da Baixada','Curitiba','IR Iran','Nigeria','','39081','300186505','IRN','NGA');
INSERT INTO TABELAO VALUES ('2014','20 Jun 2014 - 19:00','Group E','Arena da Baixada','Curitiba','Honduras','Ecuador','','39224','300186463','HON','ECU');
INSERT INTO TABELAO VALUES ('2014','26 Jun 2014 - 17:00','Group H','Arena da Baixada','Curitiba','Algeria','Russia','','39311','300186506','ALG','RUS');
INSERT INTO TABELAO VALUES ('2014','23 Jun 2014 - 13:00','Group B','Arena da Baixada','Curitiba','Australia','Spain','','39375','300186467','AUS','ESP');
INSERT INTO TABELAO VALUES ('2002','06 Jun 2002 - 15:30','Group A','Daegu World Cup Stadium','Daegu','Denmark','Senegal','','43500','43950020','DEN','SEN');
INSERT INTO TABELAO VALUES ('2002','08 Jun 2002 - 15:30','Group B','Daegu World Cup Stadium','Daegu','South Africa','Slovenia','','47226','43950024','RSA','SVN');
INSERT INTO TABELAO VALUES ('2002','10 Jun 2002 - 15:30','Group D','Daegu World Cup Stadium','Daegu','Korea Republic','USA','','60778','43950030','KOR','USA');
INSERT INTO TABELAO VALUES ('2002','29 Jun 2002 - 20:00','Third place','Daegu World Cup Stadium','Daegu','Korea Republic','Turkey','','63483','43950063','KOR','TUR');
INSERT INTO TABELAO VALUES ('2002','14 Jun 2002 - 20:30','Group D','Daejeon World Cup Stadium','Daejeon','Poland','USA','','26482','43950048','POL','USA');
INSERT INTO TABELAO VALUES ('2002','12 Jun 2002 - 20:30','Group B','Daejeon World Cup Stadium','Daejeon','South Africa','Spain','','31024','43950039','RSA','ESP');
INSERT INTO TABELAO VALUES ('2002','18 Jun 2002 - 20:30','Round of 16','Daejeon World Cup Stadium','Daejeon','Korea Republic','Italy','Win on Golden Goal ','38588','43950056','KOR','ITA');
INSERT INTO TABELAO VALUES ('2006','10 Jun 2006 - 18:00','Group B','FIFA World Cup Stadium, Dortmund','Dortmund','Trinidad and Tobago','Sweden','','62959','97410004','TRI','SWE');
INSERT INTO TABELAO VALUES ('2006','14 Jun 2006 - 21:00','Group A','FIFA World Cup Stadium, Dortmund','Dortmund','Germany','Poland','','65000','97410017','GER','POL');
INSERT INTO TABELAO VALUES ('2006','22 Jun 2006 - 21:00','Group F','FIFA World Cup Stadium, Dortmund','Dortmund','Japan','Brazil','','65000','97410043','JPN','BRA');
INSERT INTO TABELAO VALUES ('2006','19 Jun 2006 - 15:00','Group G','FIFA World Cup Stadium, Dortmund','Dortmund','Togo','Switzerland','','65000','97410030','TOG','SUI');
INSERT INTO TABELAO VALUES ('2006','27 Jun 2006 - 17:00','Round of 16','FIFA World Cup Stadium, Dortmund','Dortmund','Brazil','Ghana','','65000','97410055','BRA','GHA');
INSERT INTO TABELAO VALUES ('2006','04 Jul 2006 - 21:00','Semi-finals','FIFA World Cup Stadium, Dortmund','Dortmund','Germany','Italy','Italy win after extra time ','65000','97410061','GER','ITA');
INSERT INTO TABELAO VALUES ('2010','28 Jun 2010 - 16:00','Round of 16','Durban Stadium','Durban','Netherlands','Slovakia','','61962','300111113','NED','SVK');
INSERT INTO TABELAO VALUES ('2010','07 Jul 2010 - 20:30','Semi-finals','Durban Stadium','Durban','Germany','Spain','','60960','300111114','GER','ESP');
INSERT INTO TABELAO VALUES ('2010','22 Jun 2010 - 20:30','Group B','Durban Stadium','Durban','Nigeria','Korea Republic','','61874','300111115','NGA','KOR');
INSERT INTO TABELAO VALUES ('2010','19 Jun 2010 - 13:30','Group E','Durban Stadium','Durban','Netherlands','Japan','','62010','300111117','NED','JPN');
INSERT INTO TABELAO VALUES ('2010','16 Jun 2010 - 16:00','Group H','Durban Stadium','Durban','Spain','Switzerland','','62453','300111112','ESP','SUI');
INSERT INTO TABELAO VALUES ('2010','13 Jun 2010 - 20:30','Group D','Durban Stadium','Durban','Germany','Australia','','62660','300111116','GER','AUS');
INSERT INTO TABELAO VALUES ('2010','25 Jun 2010 - 16:00','Group G','Durban Stadium','Durban','Portugal','Brazil','','62712','300111111','POR','BRA');
INSERT INTO TABELAO VALUES ('2014','14 Jun 2014 - 16:00','Group D','Estadio Castelao','Fortaleza','Uruguay','Costa Rica','','58679','300186489','URU','CRC');
INSERT INTO TABELAO VALUES ('2014','24 Jun 2014 - 17:00','Group C','Estadio Castelao','Fortaleza','Greece','Cote d''Ivoire','','59095','300186455','GRE','CIV');
INSERT INTO TABELAO VALUES ('2014','21 Jun 2014 - 16:00','Group G','Estadio Castelao','Fortaleza','Germany','Ghana','','59621','300186493','GER','GHA');
INSERT INTO TABELAO VALUES ('2014','17 Jun 2014 - 16:00','Group A','Estadio Castelao','Fortaleza','Brazil','Mexico','','60342','300186509','BRA','MEX');
INSERT INTO TABELAO VALUES ('2014','29 Jun 2014 - 13:00','Round of 16','Estadio Castelao','Fortaleza','Netherlands','Mexico','','58817','300186508','NED','MEX');
INSERT INTO TABELAO VALUES ('2014','04 Jul 2014 - 17:00','Quarter-finals','Estadio Castelao','Fortaleza','Brazil','Colombia','','60342','300186461','BRA','COL');
INSERT INTO TABELAO VALUES ('2006','10 Jun 2006 - 15:00','Group B','FIFA World Cup Stadium, Frankfurt','Frankfurt/Main','England','Paraguay','','48000','97410003','ENG','PAR');
INSERT INTO TABELAO VALUES ('2006','13 Jun 2006 - 15:00','Group G','FIFA World Cup Stadium, Frankfurt','Frankfurt/Main','Korea Republic','Togo','','48000','97410014','KOR','TOG');
INSERT INTO TABELAO VALUES ('2006','21 Jun 2006 - 21:00','Group C','FIFA World Cup Stadium, Frankfurt','Frankfurt/Main','Netherlands','Argentina','','48000','97410037','NED','ARG');
INSERT INTO TABELAO VALUES ('2006','17 Jun 2006 - 15:00','Group D','FIFA World Cup Stadium, Frankfurt','Frankfurt/Main','Portugal','IR Iran','','48000','97410024','POR','IRN');
INSERT INTO TABELAO VALUES ('2006','01 Jul 2006 - 21:00','Quarter-finals','FIFA World Cup Stadium, Frankfurt','Frankfurt/Main','Brazil','France','','48000','97410060','BRA','FRA');
INSERT INTO TABELAO VALUES ('2006','16 Jun 2006 - 15:00','Group C','FIFA World Cup Stadium, Gelsenkirchen','Gelsenkirchen','Argentina','Serbia and Montenegro','','52000','97410021','ARG','SCG');
INSERT INTO TABELAO VALUES ('2006','09 Jun 2006 - 21:00','Group A','FIFA World Cup Stadium, Gelsenkirchen','Gelsenkirchen','Poland','Ecuador','','52000','97410002','POL','ECU');
INSERT INTO TABELAO VALUES ('2006','21 Jun 2006 - 16:00','Group D','FIFA World Cup Stadium, Gelsenkirchen','Gelsenkirchen','Portugal','Mexico','','52000','97410039','POR','MEX');
INSERT INTO TABELAO VALUES ('2006','12 Jun 2006 - 18:00','Group E','FIFA World Cup Stadium, Gelsenkirchen','Gelsenkirchen','USA','Czech Republic','','52000','97410010','USA','CZE');
INSERT INTO TABELAO VALUES ('2006','01 Jul 2006 - 17:00','Quarter-finals','FIFA World Cup Stadium, Gelsenkirchen','Gelsenkirchen','England','Portugal','Portugal win on penalties (1 - 3) ','52000','97410059','ENG','POR');
INSERT INTO TABELAO VALUES ('2002','04 Jun 2002 - 15:30','Group C','Gwangju World Cup Stadium','Gwangju','China PR','Costa Rica','','27217','43950012','CHN','CRC');
INSERT INTO TABELAO VALUES ('2002','02 Jun 2002 - 20:30','Group B','Gwangju World Cup Stadium','Gwangju','Spain','Slovenia','','28598','43950008','ESP','SVN');
INSERT INTO TABELAO VALUES ('2002','22 Jun 2002 - 15:30','Quarter-finals','Gwangju World Cup Stadium','Gwangju','Spain','Korea Republic','Korea Republic win on penalties (3 - 5) ','42114','43950059','ESP','KOR');
INSERT INTO TABELAO VALUES ('2006','10 Jun 2006 - 21:00','Group C','FIFA World Cup Stadium, Hamburg','Hamburg','Argentina','Cote d''Ivoire','','49480','97410005','ARG','CIV');
INSERT INTO TABELAO VALUES ('2006','22 Jun 2006 - 16:00','Group E','FIFA World Cup Stadium, Hamburg','Hamburg','Czech Republic','Italy','','50000','97410041','CZE','ITA');
INSERT INTO TABELAO VALUES ('2006','15 Jun 2006 - 15:00','Group A','FIFA World Cup Stadium, Hamburg','Hamburg','Ecuador','Costa Rica','','50000','97410018','ECU','CRC');
INSERT INTO TABELAO VALUES ('2006','19 Jun 2006 - 18:00','Group H','FIFA World Cup Stadium, Hamburg','Hamburg','Saudi Arabia','Ukraine','','50000','97410032','KSA','UKR');
INSERT INTO TABELAO VALUES ('2006','30 Jun 2006 - 21:00','Quarter-finals','FIFA World Cup Stadium, Hamburg','Hamburg','Italy','Ukraine','','50000','97410058','ITA','UKR');
INSERT INTO TABELAO VALUES ('2006','20 Jun 2006 - 16:00','Group A','FIFA World Cup Stadium, Hanover','Hanover','Costa Rica','Poland','','43000','97410034','CRC','POL');
INSERT INTO TABELAO VALUES ('2006','12 Jun 2006 - 21:00','Group E','FIFA World Cup Stadium, Hanover','Hanover','Italy','Ghana','','43000','97410009','ITA','GHA');
INSERT INTO TABELAO VALUES ('2006','16 Jun 2006 - 21:00','Group D','FIFA World Cup Stadium, Hanover','Hanover','Mexico','Angola','','43000','97410023','MEX','ANG');
INSERT INTO TABELAO VALUES ('2006','23 Jun 2006 - 21:00','Group G','FIFA World Cup Stadium, Hanover','Hanover','Switzerland','Korea Republic','','43000','97410046','SUI','KOR');
INSERT INTO TABELAO VALUES ('2006','27 Jun 2006 - 21:00','Round of 16','FIFA World Cup Stadium, Hanover','Hanover','Spain','France','','43000','97410056','ESP','FRA');
INSERT INTO TABELAO VALUES ('2002','02 Jun 2002 - 14:30','Group F','Kashima Stadium','Ibaraki','Argentina','Nigeria','','34050','43950007','ARG','NGA');
INSERT INTO TABELAO VALUES ('2002','05 Jun 2002 - 20:30','Group E','Kashima Stadium','Ibaraki','Germany','Republic of Ireland','','35854','43950017','GER','IRL');
INSERT INTO TABELAO VALUES ('2002','08 Jun 2002 - 18:00','Group G','Kashima Stadium','Ibaraki','Italy','Croatia','','36472','43950025','ITA','CRO');
INSERT INTO TABELAO VALUES ('2002','09 Jun 2002 - 18:00','Group C','Incheon Football Stadium','Incheon','Costa Rica','Turkey','','42299','43950028','CRC','TUR');
INSERT INTO TABELAO VALUES ('2002','11 Jun 2002 - 15:30','Group A','Incheon Football Stadium','Incheon','Denmark','France','','48100','43950033','DEN','FRA');
INSERT INTO TABELAO VALUES ('2002','14 Jun 2002 - 20:30','Group D','Incheon Football Stadium','Incheon','Portugal','Korea Republic','','50239','43950047','POR','KOR');
INSERT INTO TABELAO VALUES ('2002','12 Jun 2002 - 20:30','Group B','Jeju World Cup Stadium','Jeju','Slovenia','Paraguay','','30176','43950040','SVN','PAR');
INSERT INTO TABELAO VALUES ('2002','08 Jun 2002 - 20:30','Group C','Jeju World Cup Stadium','Jeju','Brazil','China PR','','36750','43950026','BRA','CHN');
INSERT INTO TABELAO VALUES ('2002','15 Jun 2002 - 15:30','Round of 16','Jeju World Cup Stadium','Jeju','Germany','Paraguay','','25176','43950049','GER','PAR');
INSERT INTO TABELAO VALUES ('2002','07 Jun 2002 - 18:00','Group B','Jeonju World Cup Stadium','Jeonju','Spain','Paraguay','','24000','43950022','ESP','PAR');
INSERT INTO TABELAO VALUES ('2002','10 Jun 2002 - 20:30','Group D','Jeonju World Cup Stadium','Jeonju','Portugal','Poland','','31000','43950032','POR','POL');
INSERT INTO TABELAO VALUES ('2002','17 Jun 2002 - 15:30','Round of 16','Jeonju World Cup Stadium','Jeonju','Mexico','USA','','36380','43950053','MEX','USA');
INSERT INTO TABELAO VALUES ('2010','28 Jun 2010 - 20:30','Round of 16','Ellis Park Stadium','Johannesburg','Brazil','Chile','','54096','300061500','BRA','CHI');
INSERT INTO TABELAO VALUES ('2010','27 Jun 2010 - 20:30','Round of 16','Soccer City Stadium','Johannesburg','Argentina','Mexico','','84377','300061502','ARG','MEX');
INSERT INTO TABELAO VALUES ('2010','03 Jul 2010 - 20:30','Quarter-finals','Ellis Park Stadium','Johannesburg','Paraguay','Spain','','55359','300061506','PAR','ESP');
INSERT INTO TABELAO VALUES ('2010','02 Jul 2010 - 20:30','Quarter-finals','Soccer City Stadium','Johannesburg','Uruguay','Ghana','Uruguay win on penalties (4 - 2) ','84017','300061508','URU','GHA');
INSERT INTO TABELAO VALUES ('2010','11 Jul 2010 - 20:30','Final','Soccer City Stadium','Johannesburg','Netherlands','Spain','Spain win after extra time ','84490','300061509','NED','ESP');
INSERT INTO TABELAO VALUES ('2010','18 Jun 2010 - 16:00','Group C','Ellis Park Stadium','Johannesburg','Slovenia','USA','','45573','300061463','SVN','USA');
INSERT INTO TABELAO VALUES ('2010','24 Jun 2010 - 16:00','Group F','Ellis Park Stadium','Johannesburg','Slovakia','Italy','','53412','300061480','SVK','ITA');
INSERT INTO TABELAO VALUES ('2010','15 Jun 2010 - 20:30','Group G','Ellis Park Stadium','Johannesburg','Brazil','Korea DPR','','54331','300061490','BRA','PRK');
INSERT INTO TABELAO VALUES ('2010','21 Jun 2010 - 20:30','Group H','Ellis Park Stadium','Johannesburg','Spain','Honduras','','54386','300061494','ESP','HON');
INSERT INTO TABELAO VALUES ('2010','12 Jun 2010 - 16:00','Group B','Ellis Park Stadium','Johannesburg','Argentina','Nigeria','','55686','300061460','ARG','NGA');
INSERT INTO TABELAO VALUES ('2010','17 Jun 2010 - 13:30','Group B','Soccer City Stadium','Johannesburg','Argentina','Korea Republic','','82174','300061458','ARG','KOR');
INSERT INTO TABELAO VALUES ('2010','23 Jun 2010 - 20:30','Group D','Soccer City Stadium','Johannesburg','Ghana','Germany','','83391','300061468','GHA','GER');
INSERT INTO TABELAO VALUES ('2010','14 Jun 2010 - 13:30','Group E','Soccer City Stadium','Johannesburg','Netherlands','Denmark','','83465','300061478','NED','DEN');
INSERT INTO TABELAO VALUES ('2010','20 Jun 2010 - 20:30','Group G','Soccer City Stadium','Johannesburg','Brazil','Cote d''Ivoire','','84455','300061488','BRA','CIV');
INSERT INTO TABELAO VALUES ('2010','11 Jun 2010 - 16:00','Group A','Soccer City Stadium','Johannesburg','South Africa','Mexico','','84490','300061454','RSA','MEX');
INSERT INTO TABELAO VALUES ('2006','12 Jun 2006 - 15:00','Group F','Fritz-Walter-Stadion','Kaiserslautern','Australia','Japan','','46000','97410012','AUS','JPN');
INSERT INTO TABELAO VALUES ('2006','17 Jun 2006 - 21:00','Group E','Fritz-Walter-Stadion','Kaiserslautern','Italy','USA','','46000','97410025','ITA','USA');
INSERT INTO TABELAO VALUES ('2006','20 Jun 2006 - 21:00','Group B','Fritz-Walter-Stadion','Kaiserslautern','Paraguay','Trinidad and Tobago','','46000','97410036','PAR','TRI');
INSERT INTO TABELAO VALUES ('2006','23 Jun 2006 - 16:00','Group H','Fritz-Walter-Stadion','Kaiserslautern','Saudi Arabia','Spain','','46000','97410047','KSA','ESP');
INSERT INTO TABELAO VALUES ('2006','26 Jun 2006 - 17:00','Round of 16','Fritz-Walter-Stadion','Kaiserslautern','Italy','Australia','','46000','97410053','ITA','AUS');
INSERT INTO TABELAO VALUES ('2002','05 Jun 2002 - 15:30','Group H','Kobe Wing Stadium','Kobe','Russia','Tunisia','','30957','43950015','RUS','TUN');
INSERT INTO TABELAO VALUES ('2002','07 Jun 2002 - 15:30','Group F','Kobe Wing Stadium','Kobe','Sweden','Nigeria','','36194','43950021','SWE','NGA');
INSERT INTO TABELAO VALUES ('2002','17 Jun 2002 - 20:30','Round of 16','Kobe Wing Stadium','Kobe','Brazil','Belgium','','40440','43950054','BRA','BEL');
INSERT INTO TABELAO VALUES ('2006','21 Jun 2006 - 16:00','Group D','Zentralstadion','Leipzig','Iran','Angola','','38000','97410040','IRN','ANG');
INSERT INTO TABELAO VALUES ('2006','18 Jun 2006 - 21:00','Group G','Zentralstadion','Leipzig','France','Korea Republic','','43000','97410029','FRA','KOR');
INSERT INTO TABELAO VALUES ('2006','11 Jun 2006 - 15:00','Group C','Zentralstadion','Leipzig','Serbia and Montenegro','Netherlands','','43000','97410006','SCG','NED');
INSERT INTO TABELAO VALUES ('2006','14 Jun 2006 - 15:00','Group H','Zentralstadion','Leipzig','Spain','Ukraine','','43000','97410015','ESP','UKR');
INSERT INTO TABELAO VALUES ('2006','24 Jun 2006 - 21:00','Round of 16','Zentralstadion','Leipzig','Argentina','Mexico','Argentina win after extra time ','43000','97410050','ARG','MEX');
INSERT INTO TABELAO VALUES ('1998','26 Jun 1998 - 21:00','Group G','Stade Felix Bollaert','Lens','Colombia','England','','38100','8770','COL','ENG');
INSERT INTO TABELAO VALUES ('1998','21 Jun 1998 - 14:30','Group F','Stade Felix Bollaert','Lens','Germany','Yugoslavia','','38100','8753','GER','YUG');
INSERT INTO TABELAO VALUES ('1998','14 Jun 1998 - 21:00','Group H','Stade Felix Bollaert','Lens','Jamaica','Croatia','','38100','8736','JAM','CRO');
INSERT INTO TABELAO VALUES ('1998','12 Jun 1998 - 17:30','Group C','Stade Felix Bollaert','Lens','Saudi Arabia','Denmark','','38100','8729','KSA','DEN');
INSERT INTO TABELAO VALUES ('1998','24 Jun 1998 - 21:00','Group D','Stade Felix Bollaert','Lens','Spain','Bulgaria','','38100','8761','ESP','BUL');
INSERT INTO TABELAO VALUES ('1998','28 Jun 1998 - 16:30','Round of 16','Stade Felix Bollaert','Lens','France','Paraguay','France win after extra time ','31800','8776','FRA','PAR');
INSERT INTO TABELAO VALUES ('1998','24 Jun 1998 - 16:00','Group C','Stade de Gerland','Lyon','France','Denmark','','39100','8762','FRA','DEN');
INSERT INTO TABELAO VALUES ('1998','26 Jun 1998 - 16:00','Group H','Stade de Gerland','Lyon','Japan','Jamaica','','39100','8771','JPN','JAM');
INSERT INTO TABELAO VALUES ('1998','13 Jun 1998 - 17:30','Group E','Stade de Gerland','Lyon','Korea Republic','Mexico','','39100','8732','KOR','MEX');
INSERT INTO TABELAO VALUES ('1998','15 Jun 1998 - 17:30','Group G','Stade de Gerland','Lyon','Romania','Colombia','','39100','8739','ROU','COL');
INSERT INTO TABELAO VALUES ('1998','21 Jun 1998 - 21:00','Group F','Stade de Gerland','Lyon','USA','Iran','','39100','8754','USA','IRN');
INSERT INTO TABELAO VALUES ('1998','04 Jul 1998 - 21:00','Quarter-finals','Stade de Gerland','Lyon','Germany','Croatia','','39100','8783','GER','CRO');
INSERT INTO TABELAO VALUES ('2014','14 Jun 2014 - 18:00','Group D','Arena Amazonia','Manaus','England','Italy','','39800','300186513','ENG','ITA');
INSERT INTO TABELAO VALUES ('2014','18 Jun 2014 - 18:00','Group A','Arena Amazonia','Manaus','Cameroon','Croatia','','39982','300186453','CMR','CRO');
INSERT INTO TABELAO VALUES ('2014','22 Jun 2014 - 18:00','Group G','Arena Amazonia','Manaus','USA','Portugal','','40123','300186483','USA','POR');
INSERT INTO TABELAO VALUES ('2014','25 Jun 2014 - 16:00','Group E','Arena Amazonia','Manaus','Honduras','Switzerland','','40322','300186482','HON','SUI');
INSERT INTO TABELAO VALUES ('2010','27 Jun 2010 - 16:00','Round of 16','Free State Stadium','Mangaung/Bloemfontein','Germany','England','','40510','300061501','GER','ENG');
INSERT INTO TABELAO VALUES ('2010','20 Jun 2010 - 13:30','Group F','Free State Stadium','Mangaung/Bloemfontein','Slovakia','Paraguay','','26643','300061481','SVK','PAR');
INSERT INTO TABELAO VALUES ('2010','25 Jun 2010 - 20:30','Group H','Free State Stadium','Mangaung/Bloemfontein','Switzerland','Honduras','','28042','300061492','SUI','HON');
INSERT INTO TABELAO VALUES ('2010','14 Jun 2010 - 16:00','Group E','Free State Stadium','Mangaung/Bloemfontein','Japan','Cameroon','','30620','300061477','JPN','CMR');
INSERT INTO TABELAO VALUES ('2010','17 Jun 2010 - 16:00','Group B','Free State Stadium','Mangaung/Bloemfontein','Greece','Nigeria','','31593','300061457','GRE','NGA');
INSERT INTO TABELAO VALUES ('2010','22 Jun 2010 - 16:00','Group A','Free State Stadium','Mangaung/Bloemfontein','France','South Africa','','39415','300061449','FRA','RSA');
INSERT INTO TABELAO VALUES ('1998','23 Jun 1998 - 21:00','Group A','Stade Velodrome','Marseilles','Brazil','Norway','','55000','8759','BRA','NOR');
INSERT INTO TABELAO VALUES ('1998','15 Jun 1998 - 14:30','Group G','Stade Velodrome','Marseilles','England','Tunisia','','55000','8740','ENG','TUN');
INSERT INTO TABELAO VALUES ('1998','12 Jun 1998 - 21:00','Group C','Stade Velodrome','Marseilles','France','South Africa','','55000','8730','FRA','RSA');
INSERT INTO TABELAO VALUES ('1998','20 Jun 1998 - 21:00','Group E','Stade Velodrome','Marseilles','Netherlands','Korea Republic','','55000','8749','NED','KOR');
INSERT INTO TABELAO VALUES ('1998','27 Jun 1998 - 16:30','Round of 16','Stade Velodrome','Marseilles','Italy','Norway','','55000','8774','ITA','NOR');
INSERT INTO TABELAO VALUES ('1998','04 Jul 1998 - 16:30','Quarter-finals','Stade Velodrome','Marseilles','Netherlands','Argentina','','55000','8784','NED','ARG');
INSERT INTO TABELAO VALUES ('1998','07 Jul 1998 - 21:00','Semi-finals','Stade Velodrome','Marseilles','Brazil','Netherlands','Brazil win on penalties (4 - 2) ','54000','8785','BRA','NED');
INSERT INTO TABELAO VALUES ('1998','22 Jun 1998 - 17:30','Group G','La Mosson','Montpellier','Colombia','Tunisia','','29800','8755','COL','TUN');
INSERT INTO TABELAO VALUES ('1998','25 Jun 1998 - 21:00','Group F','La Mosson','Montpellier','Germany','Iran','','29800','8767','GER','IRN');
INSERT INTO TABELAO VALUES ('1998','17 Jun 1998 - 21:00','Group B','La Mosson','Montpellier','Italy','Cameroon','','29800','8744','ITA','CMR');
INSERT INTO TABELAO VALUES ('1998','10 Jun 1998 - 21:00','Group A','La Mosson','Montpellier','Morocco','Norway','','29800','8725','MAR','NOR');
INSERT INTO TABELAO VALUES ('1998','12 Jun 1998 - 14:30','Group D','La Mosson','Montpellier','Paraguay','Bulgaria','','29800','8728','PAR','BUL');
INSERT INTO TABELAO VALUES ('1998','29 Jun 1998 - 16:30','Round of 16','La Mosson','Montpellier','Germany','Mexico','','29800','8777','GER','MEX');
INSERT INTO TABELAO VALUES ('2006','18 Jun 2006 - 18:00','Group F','FIFA World Cup Stadium, Munich','Munich','Brazil','Australia','','66000','97410027','BRA','AUS');
INSERT INTO TABELAO VALUES ('2006','21 Jun 2006 - 21:00','Group C','FIFA World Cup Stadium, Munich','Munich','Cote d''Ivoire','Serbia and Montenegro','','66000','97410038','CIV','SCG');
INSERT INTO TABELAO VALUES ('2006','09 Jun 2006 - 18:00','Group A','FIFA World Cup Stadium, Munich','Munich','Germany','Costa Rica','','66000','97410001','GER','CRC');
INSERT INTO TABELAO VALUES ('2006','14 Jun 2006 - 18:00','Group H','FIFA World Cup Stadium, Munich','Munich','Tunisia','Saudi Arabia','','66000','97410016','TUN','KSA');
INSERT INTO TABELAO VALUES ('2006','24 Jun 2006 - 17:00','Round of 16','FIFA World Cup Stadium, Munich','Munich','Germany','Sweden','','66000','97410049','GER','SWE');
INSERT INTO TABELAO VALUES ('2006','05 Jul 2006 - 21:00','Semi-finals','FIFA World Cup Stadium, Munich','Munich','Portugal','France','','66000','97410062','POR','FRA');
INSERT INTO TABELAO VALUES ('1998','16 Jun 1998 - 21:00','Group A','La Beaujoire','Nantes','Brazil','Morocco','','35500','8742','BRA','MAR');
INSERT INTO TABELAO VALUES ('1998','23 Jun 1998 - 16:00','Group B','La Beaujoire','Nantes','Chile','Cameroon','','35500','8760','CHI','CMR');
INSERT INTO TABELAO VALUES ('1998','20 Jun 1998 - 14:30','Group H','La Beaujoire','Nantes','Japan','Croatia','','35500','8751','JPN','CRO');
INSERT INTO TABELAO VALUES ('1998','13 Jun 1998 - 14:30','Group D','La Beaujoire','Nantes','Spain','Nigeria','','35500','8731','ESP','NGA');
INSERT INTO TABELAO VALUES ('1998','25 Jun 1998 - 21:00','Group F','La Beaujoire','Nantes','USA','Yugoslavia','','35500','8768','USA','YUG');
INSERT INTO TABELAO VALUES ('1998','03 Jul 1998 - 21:00','Quarter-finals','La Beaujoire','Nantes','Brazil','Denmark','','35500','8782','BRA','DEN');
INSERT INTO TABELAO VALUES ('2014','13 Jun 2014 - 13:00','Group A','Estadio das Dunas','Natal','Mexico','Cameroon','','39216','300186492','MEX','CMR');
INSERT INTO TABELAO VALUES ('2014','19 Jun 2014 - 19:00','Group C','Estadio das Dunas','Natal','Japan','Greece','','39485','300186454','JPN','GRE');
INSERT INTO TABELAO VALUES ('2014','24 Jun 2014 - 13:00','Group D','Estadio das Dunas','Natal','Italy','Uruguay','','39706','300186465','ITA','URU');
INSERT INTO TABELAO VALUES ('2014','16 Jun 2014 - 19:00','Group G','Estadio das Dunas','Natal','Ghana','USA','','39760','300186512','GHA','USA');
INSERT INTO TABELAO VALUES ('2010','26 Jun 2010 - 16:00','Round of 16','Port Elizabeth Stadium','Nelson Mandela Bay/Port Elizabeth','Uruguay','Korea Republic','','30597','300061504','URU','KOR');
INSERT INTO TABELAO VALUES ('2010','02 Jul 2010 - 16:00','Quarter-finals','Port Elizabeth Stadium','Nelson Mandela Bay/Port Elizabeth','Netherlands','Brazil','','40186','300061507','NED','BRA');
INSERT INTO TABELAO VALUES ('2010','10 Jul 2010 - 20:30','Match for third place','Port Elizabeth Stadium','Nelson Mandela Bay/Port Elizabeth','Uruguay','Germany','','36254','300061510','URU','GER');
INSERT INTO TABELAO VALUES ('2010','12 Jun 2010 - 13:30','Group B','Port Elizabeth Stadium','Nelson Mandela Bay/Port Elizabeth','Korea Republic','Greece','','31513','300061459','KOR','GRE');
INSERT INTO TABELAO VALUES ('2010','21 Jun 2010 - 16:00','Group H','Port Elizabeth Stadium','Nelson Mandela Bay/Port Elizabeth','Chile','Switzerland','','34872','300061493','CHI','SUI');
INSERT INTO TABELAO VALUES ('2010','23 Jun 2010 - 16:00','Group C','Port Elizabeth Stadium','Nelson Mandela Bay/Port Elizabeth','Slovenia','England','','36893','300061462','SVN','ENG');
INSERT INTO TABELAO VALUES ('2010','15 Jun 2010 - 16:00','Group G','Port Elizabeth Stadium','Nelson Mandela Bay/Port Elizabeth','Cote d''Ivoire','Portugal','','37034','300061489','CIV','POR');
INSERT INTO TABELAO VALUES ('2010','18 Jun 2010 - 13:30','Group D','Port Elizabeth Stadium','Nelson Mandela Bay/Port Elizabeth','Germany','Serbia','','38294','300061470','GER','SRB');
INSERT INTO TABELAO VALUES ('2010','16 Jun 2010 - 13:30','Group H','Mbombela Stadium','Nelspruit','Honduras','Chile','','32664','300061495','HON','CHI');
INSERT INTO TABELAO VALUES ('2010','25 Jun 2010 - 16:00','Group G','Mbombela Stadium','Nelspruit','Korea DPR','Cote d''Ivoire','','34763','300061486','PRK','CIV');
INSERT INTO TABELAO VALUES ('2010','23 Jun 2010 - 20:30','Group D','Mbombela Stadium','Nelspruit','Australia','Serbia','','37836','300061467','AUS','SRB');
INSERT INTO TABELAO VALUES ('2010','20 Jun 2010 - 16:00','Group F','Mbombela Stadium','Nelspruit','Italy','New Zealand','','38229','300061482','ITA','NZL');
INSERT INTO TABELAO VALUES ('2002','03 Jun 2002 - 15:30','Group G','Niigata Stadium Big Swan','Niigata','Croatia','Mexico','','32239','43950009','CRO','MEX');
INSERT INTO TABELAO VALUES ('2002','01 Jun 2002 - 15:30','Group E','Niigata Stadium Big Swan','Niigata','Republic of Ireland','Cameroon','','33679','43950002','IRL','CMR');
INSERT INTO TABELAO VALUES ('2002','15 Jun 2002 - 20:30','Round of 16','Niigata Stadium Big Swan','Niigata','Denmark','England','','40582','43950050','DEN','ENG');
INSERT INTO TABELAO VALUES ('2006','15 Jun 2006 - 18:00','Group B','Franken-Stadion','Nuremberg','England','Trinidad and Tobago','','41000','97410019','ENG','TRI');
INSERT INTO TABELAO VALUES ('2006','22 Jun 2006 - 16:00','Group E','Franken-Stadion','Nuremberg','Ghana','USA','','41000','97410042','GHA','USA');
INSERT INTO TABELAO VALUES ('2006','18 Jun 2006 - 15:00','Group F','Franken-Stadion','Nuremberg','Japan','Croatia','','41000','97410028','JPN','CRO');
INSERT INTO TABELAO VALUES ('2006','11 Jun 2006 - 18:00','Group D','Franken-Stadion','Nuremberg','Mexico','Iran','','41000','97410007','MEX','IRN');
INSERT INTO TABELAO VALUES ('2006','25 Jun 2006 - 21:00','Round of 16','Franken-Stadion','Nuremberg','Portugal','Netherlands','','41000','97410052','POR','NED');
INSERT INTO TABELAO VALUES ('2002','13 Jun 2002 - 20:30','Group G','Oita Stadium Big Eye','Oita','Mexico','Italy','','39291','43950043','MEX','ITA');
INSERT INTO TABELAO VALUES ('2002','10 Jun 2002 - 18:00','Group H','Oita Stadium Big Eye','Oita','Tunisia','Belgium','','39700','43950031','TUN','BEL');
INSERT INTO TABELAO VALUES ('2002','16 Jun 2002 - 15:30','Round of 16','Oita Stadium Big Eye','Oita','Sweden','Senegal','Win on Golden Goal ','39747','43950051','SWE','SEN');
INSERT INTO TABELAO VALUES ('2002','12 Jun 2002 - 15:30','Group F','Osaka Nagai Stadium','Osaka','Nigeria','England','','44864','43950038','NGA','ENG');
INSERT INTO TABELAO VALUES ('2002','14 Jun 2002 - 15:30','Group H','Osaka Nagai Stadium','Osaka','Tunisia','Japan','','45213','43950045','TUN','JPN');
INSERT INTO TABELAO VALUES ('2002','22 Jun 2002 - 20:30','Quarter-finals','Osaka Nagai Stadium','Osaka','Senegal','Turkey','Win on Golden Goal ','44233','43950060','SEN','TUR');
INSERT INTO TABELAO VALUES ('1998','21 Jun 1998 - 17:30','Group H','Parc des Princes','Paris','Argentina','Jamaica','','45500','8752','ARG','JAM');
INSERT INTO TABELAO VALUES ('1998','25 Jun 1998 - 16:00','Group E','Parc des Princes','Paris','Belgium','Korea Republic','','45500','8765','BEL','KOR');
INSERT INTO TABELAO VALUES ('1998','15 Jun 1998 - 21:00','Group F','Parc des Princes','Paris','Germany','USA','','45500','8738','GER','USA');
INSERT INTO TABELAO VALUES ('1998','19 Jun 1998 - 17:30','Group D','Parc des Princes','Paris','Nigeria','Bulgaria','','45500','8747','NGA','BUL');
INSERT INTO TABELAO VALUES ('1998','27 Jun 1998 - 21:00','Round of 16','Parc des Princes','Paris','Brazil','Chile','','45500','8773','BRA','CHI');
INSERT INTO TABELAO VALUES ('1998','11 Jul 1998 - 21:00','Match for third place','Parc des Princes','Paris','Netherlands','Croatia','','45500','8787','NED','CRO');
INSERT INTO TABELAO VALUES ('2010','26 Jun 2010 - 20:30','Round of 16','Royal Bafokeng Sports Palace','Phokeng','USA','Ghana','Ghana win after extra time ','34976','300061503','USA','GHA');
INSERT INTO TABELAO VALUES ('2010','15 Jun 2010 - 13:30','Group F','Royal Bafokeng Sports Palace','Phokeng','New Zealand','Slovakia','','23871','300061483','NZL','SVK');
INSERT INTO TABELAO VALUES ('2010','24 Jun 2010 - 20:30','Group E','Royal Bafokeng Sports Palace','Phokeng','Denmark','Japan','','27967','300061474','DEN','JPN');
INSERT INTO TABELAO VALUES ('2010','22 Jun 2010 - 16:00','Group A','Royal Bafokeng Sports Palace','Phokeng','Mexico','Uruguay','','33425','300061450','MEX','URU');
INSERT INTO TABELAO VALUES ('2010','19 Jun 2010 - 16:00','Group D','Royal Bafokeng Sports Palace','Phokeng','Ghana','Australia','','34812','300061469','GHA','AUS');
INSERT INTO TABELAO VALUES ('2010','12 Jun 2010 - 20:30','Group C','Royal Bafokeng Sports Palace','Phokeng','England','USA','','38646','300061466','ENG','USA');
INSERT INTO TABELAO VALUES ('2010','13 Jun 2010 - 13:30','Group C','Peter Mokaba Stadium','Polokwane','Algeria','Slovenia','','30325','300061465','ALG','SVN');
INSERT INTO TABELAO VALUES ('2010','24 Jun 2010 - 16:00','Group F','Peter Mokaba Stadium','Polokwane','Paraguay','New Zealand','','34850','300061479','PAR','NZL');
INSERT INTO TABELAO VALUES ('2010','17 Jun 2010 - 20:30','Group A','Peter Mokaba Stadium','Polokwane','France','Mexico','','35370','300061451','FRA','MEX');
INSERT INTO TABELAO VALUES ('2010','22 Jun 2010 - 20:30','Group B','Peter Mokaba Stadium','Polokwane','Greece','Argentina','','38891','300061455','GRE','ARG');
INSERT INTO TABELAO VALUES ('2014','22 Jun 2014 - 16:00','Group H','Estadio Beira-Rio','Porto Alegre','Korea Republic','Algeria','','42732','300186495','KOR','ALG');
INSERT INTO TABELAO VALUES ('2014','18 Jun 2014 - 13:00','Group B','Estadio Beira-Rio','Porto Alegre','Australia','Netherlands','','42877','300186478','AUS','NED');
INSERT INTO TABELAO VALUES ('2014','15 Jun 2014 - 16:00','Group E','Estadio Beira-Rio','Porto Alegre','France','Honduras','','43012','300186496','FRA','HON');
INSERT INTO TABELAO VALUES ('2014','25 Jun 2014 - 13:00','Group F','Estadio Beira-Rio','Porto Alegre','Nigeria','Argentina','','43285','300186458','NGA','ARG');
INSERT INTO TABELAO VALUES ('2014','30 Jun 2014 - 17:00','Round of 16','Estadio Beira-Rio','Porto Alegre','Germany','Algeria','Germany win after extra time ','','300186460','GER','ALG');
INSERT INTO TABELAO VALUES ('2014','14 Jun 2014 - 22:00','Group C','Arena Pernambuco','Recife','Cote d''Ivoire','Japan','','40267','300186507','CIV','JPN');
INSERT INTO TABELAO VALUES ('2014','20 Jun 2014 - 13:00','Group D','Arena Pernambuco','Recife','Italy','Costa Rica','','40285','300186500','ITA','CRC');
INSERT INTO TABELAO VALUES ('2014','23 Jun 2014 - 17:00','Group A','Arena Pernambuco','Recife','Croatia','Mexico','','41212','300186452','CRO','MEX');
INSERT INTO TABELAO VALUES ('2014','26 Jun 2014 - 13:00','Group G','Arena Pernambuco','Recife','USA','Germany','','41876','300186469','USA','GER');
INSERT INTO TABELAO VALUES ('2014','29 Jun 2014 - 17:00','Round of 16','Arena Pernambuco','Recife','Costa Rica','Greece','Costa Rica win on penalties (5 - 3) ','41242','300186459','CRC','GRE');
INSERT INTO TABELAO VALUES ('2002','09 Jun 2002 - 15:30','Group G','Miyagi Stadium','Rifu','Mexico','Ecuador','','45610','43950027','MEX','ECU');
INSERT INTO TABELAO VALUES ('2002','12 Jun 2002 - 15:30','Group F','Miyagi Stadium','Rifu','Sweden','Argentina','','45777','43950037','SWE','ARG');
INSERT INTO TABELAO VALUES ('2002','18 Jun 2002 - 15:30','Round of 16','Miyagi Stadium','Rifu','Japan','Turkey','','45666','43950055','JPN','TUR');
INSERT INTO TABELAO VALUES ('2014','25 Jun 2014 - 17:00','Group E','Estadio do Maracana','Rio De Janeiro','Ecuador','France','','73749','300186515','ECU','FRA');
INSERT INTO TABELAO VALUES ('2014','22 Jun 2014 - 13:00','Group H','Estadio do Maracana','Rio De Janeiro','Belgium','Russia','','73819','300186481','BEL','RUS');
INSERT INTO TABELAO VALUES ('2014','18 Jun 2014 - 16:00','Group B','Estadio do Maracana','Rio De Janeiro','Spain','Chile','','74101','300186498','ESP','CHI');
INSERT INTO TABELAO VALUES ('2014','15 Jun 2014 - 19:00','Group F','Estadio do Maracana','Rio De Janeiro','Argentina','Bosnia and Herzegovina','','74738','300186477','ARG','BIH');
INSERT INTO TABELAO VALUES ('2014','28 Jun 2014 - 17:00','Round of 16','Estadio do Maracana','Rio De Janeiro','Colombia','Uruguay','','73804','300186491','COL','URU');
INSERT INTO TABELAO VALUES ('2014','04 Jul 2014 - 13:00','Quarter-finals','Estadio do Maracana','Rio De Janeiro','France','Germany','','74240','300186485','FRA','GER');
INSERT INTO TABELAO VALUES ('2014','13 Jul 2014 - 16:00','Final','Estadio do Maracana','Rio De Janeiro','Germany','Argentina','Germany win after extra time ','74738','300186501','GER','ARG');
INSERT INTO TABELAO VALUES ('1998','13 Jun 1998 - 21:00','Group E','Stade de France','Saint-Denis','Netherlands','Belgium','','77000','8733','NED','BEL');
INSERT INTO TABELAO VALUES ('1998','26 Jun 1998 - 21:00','Group G','Stade de France','Saint-Denis','Romania','Tunisia','','77000','8769','ROU','TUN');
INSERT INTO TABELAO VALUES ('1998','10 Jun 1998 - 17:30','Group A','Stade de France','Saint-Denis','Brazil','Scotland','','80000','4000','BRA','SCO');
INSERT INTO TABELAO VALUES ('1998','18 Jun 1998 - 21:00','Group C','Stade de France','Saint-Denis','France','Saudi Arabia','','80000','8745','FRA','KSA');
INSERT INTO TABELAO VALUES ('1998','23 Jun 1998 - 16:00','Group B','Stade de France','Saint-Denis','Italy','Austria','','80000','8757','ITA','AUT');
INSERT INTO TABELAO VALUES ('1998','28 Jun 1998 - 21:00','Round of 16','Stade de France','Saint-Denis','Nigeria','Denmark','','77000','8775','NGA','DEN');
INSERT INTO TABELAO VALUES ('1998','03 Jul 1998 - 16:30','Quarter-finals','Stade de France','Saint-Denis','Italy','France','France win on penalties (3 - 4) ','77000','8781','ITA','FRA');
INSERT INTO TABELAO VALUES ('1998','08 Jul 1998 - 21:00','Semi-finals','Stade de France','Saint-Denis','France','Croatia','','76000','8786','FRA','CRO');
INSERT INTO TABELAO VALUES ('1998','12 Jul 1998 - 21:00','Final','Stade de France','Saint-Denis','Brazil','France','','80000','8788','BRA','FRA');
INSERT INTO TABELAO VALUES ('1998','17 Jun 1998 - 17:30','Group B','Stade Geoffroy Guichard','Saint-Etienne','Chile','Austria','','30600','8743','CHI','AUT');
INSERT INTO TABELAO VALUES ('1998','25 Jun 1998 - 16:00','Group E','Stade Geoffroy Guichard','Saint-Etienne','Netherlands','Mexico','','30600','8766','NED','MEX');
INSERT INTO TABELAO VALUES ('1998','23 Jun 1998 - 21:00','Group A','Stade Geoffroy Guichard','Saint-Etienne','Scotland','Morocco','','30600','8758','SCO','MAR');
INSERT INTO TABELAO VALUES ('1998','19 Jun 1998 - 21:00','Group D','Stade Geoffroy Guichard','Saint-Etienne','Spain','Paraguay','','30600','8748','ESP','PAR');
INSERT INTO TABELAO VALUES ('1998','14 Jun 1998 - 17:30','Group F','Stade Geoffroy Guichard','Saint-Etienne','Yugoslavia','Iran','','30600','8735','YUG','IRN');
INSERT INTO TABELAO VALUES ('1998','30 Jun 1998 - 21:00','Round of 16','Stade Geoffroy Guichard','Saint-Etienne','Argentina','England','Argentina win on penalties (4 - 3) ','30600','8779','ARG','ENG');
INSERT INTO TABELAO VALUES ('2002','06 Jun 2002 - 18:00','Group E','Saitama Stadium 2002','Saitama','Cameroon','Saudi Arabia','','52328','43950019','CMR','KSA');
INSERT INTO TABELAO VALUES ('2002','02 Jun 2002 - 18:30','Group F','Saitama Stadium 2002','Saitama','England','Sweden','','52721','43950005','ENG','SWE');
INSERT INTO TABELAO VALUES ('2002','04 Jun 2002 - 18:00','Group H','Saitama Stadium 2002','Saitama','Japan','Belgium','','55256','43950013','JPN','BEL');
INSERT INTO TABELAO VALUES ('2002','26 Jun 2002 - 20:30','Semi-finals','Saitama Stadium 2002','Saitama','Brazil','Turkey','','61058','43950062','BRA','TUR');
INSERT INTO TABELAO VALUES ('2014','25 Jun 2014 - 13:00','Group F','Arena Fonte Nova','Salvador','Bosnia and Herzegovina','IR Iran','','48011','300186464','BIH','IRN');
INSERT INTO TABELAO VALUES ('2014','13 Jun 2014 - 16:00','Group B','Arena Fonte Nova','Salvador','Spain','Netherlands','','48173','300186510','ESP','NED');
INSERT INTO TABELAO VALUES ('2014','20 Jun 2014 - 16:00','Group E','Arena Fonte Nova','Salvador','Switzerland','France','','51003','300186514','SUI','FRA');
INSERT INTO TABELAO VALUES ('2014','16 Jun 2014 - 13:00','Group G','Arena Fonte Nova','Salvador','Germany','Portugal','','51081','300186475','GER','POR');
INSERT INTO TABELAO VALUES ('2014','01 Jul 2014 - 17:00','Round of 16','Arena Fonte Nova','Salvador','Belgium','USA','Belgium win after extra time ','51227','300186497','BEL','USA');
INSERT INTO TABELAO VALUES ('2014','05 Jul 2014 - 17:00','Quarter-finals','Arena Fonte Nova','Salvador','Netherlands','Costa Rica','Netherlands win on penalties (4 - 3) ','51179','300186488','NED','CRC');
INSERT INTO TABELAO VALUES ('2014','26 Jun 2014 - 17:00','Group H','Arena de Sao Paulo','Sao Paulo','Korea Republic','Belgium','','61397','300186480','KOR','BEL');
INSERT INTO TABELAO VALUES ('2014','12 Jun 2014 - 17:00','Group A','Arena de Sao Paulo','Sao Paulo','Brazil','Croatia','','62103','300186456','BRA','CRO');
INSERT INTO TABELAO VALUES ('2014','19 Jun 2014 - 16:00','Group D','Arena de Sao Paulo','Sao Paulo','Uruguay','England','','62575','300186486','URU','ENG');
INSERT INTO TABELAO VALUES ('2014','23 Jun 2014 - 13:00','Group B','Arena de Sao Paulo','Sao Paulo','Netherlands','Chile','','62996','300186470','NED','CHI');
INSERT INTO TABELAO VALUES ('2014','01 Jul 2014 - 13:00','Round of 16','Arena de Sao Paulo','Sao Paulo','Argentina','Switzerland','Argentina win after extra time ','63255','300186503','ARG','SUI');
INSERT INTO TABELAO VALUES ('2014','09 Jul 2014 - 17:00','Semi-finals','Arena de Sao Paulo','Sao Paulo','Netherlands','Argentina','Argentina win on penalties (2 - 4) ','63267','300186490','NED','ARG');
INSERT INTO TABELAO VALUES ('2002','03 Jun 2002 - 20:30','Group G','Sapporo Dome','Sapporo','Italy','Ecuador','','31081','43950011','ITA','ECU');
INSERT INTO TABELAO VALUES ('2002','01 Jun 2002 - 20:30','Group E','Sapporo Dome','Sapporo','Germany','Saudi Arabia','','32218','43950004','GER','KSA');
INSERT INTO TABELAO VALUES ('2002','07 Jun 2002 - 20:30','Group F','Sapporo Dome','Sapporo','Argentina','England','','35927','43950023','ARG','ENG');
INSERT INTO TABELAO VALUES ('2002','13 Jun 2002 - 15:30','Group C','Seoul World Cup Stadium','Seoul','Turkey','China PR','','43605','43950042','TUR','CHN');
INSERT INTO TABELAO VALUES ('2002','31 May 2002 - 20:30','Group A','Seoul World Cup Stadium','Seoul','France','Senegal','','62561','43950001','FRA','SEN');
INSERT INTO TABELAO VALUES ('2002','25 Jun 2002 - 20:30','Semi-finals','Seoul World Cup Stadium','Seoul','Germany','Korea Republic','','65256','43950061','GER','KOR');
INSERT INTO TABELAO VALUES ('2002','14 Jun 2002 - 15:30','Group H','Shizuoka Stadium Ecopa','Shizuoka','Belgium','Russia','','46640','43950046','BEL','RUS');
INSERT INTO TABELAO VALUES ('2002','11 Jun 2002 - 20:30','Group E','Shizuoka Stadium Ecopa','Shizuoka','Cameroon','Germany','','47085','43950035','CMR','GER');
INSERT INTO TABELAO VALUES ('2002','21 Jun 2002 - 15:30','Quarter-finals','Shizuoka Stadium Ecopa','Shizuoka','England','Brazil','','47436','43950057','ENG','BRA');
INSERT INTO TABELAO VALUES ('2006','22 Jun 2006 - 21:00','Group F','Gottlieb-Daimler-Stadion','Stuttgart','Croatia','Australia','','52000','97410044','CRO','AUS');
INSERT INTO TABELAO VALUES ('2006','13 Jun 2006 - 18:00','Group G','Gottlieb-Daimler-Stadion','Stuttgart','France','Switzerland','','52000','97410013','FRA','SUI');
INSERT INTO TABELAO VALUES ('2006','16 Jun 2006 - 18:00','Group C','Gottlieb-Daimler-Stadion','Stuttgart','Netherlands','Cote d''Ivoire','','52000','97410022','NED','CIV');
INSERT INTO TABELAO VALUES ('2006','19 Jun 2006 - 21:00','Group H','Gottlieb-Daimler-Stadion','Stuttgart','Spain','Tunisia','','52000','97410031','ESP','TUN');
INSERT INTO TABELAO VALUES ('2006','25 Jun 2006 - 17:00','Round of 16','Gottlieb-Daimler-Stadion','Stuttgart','England','Ecuador','','52000','97410051','ENG','ECU');
INSERT INTO TABELAO VALUES ('2006','08 Jul 2006 - 21:00','Third place','Gottlieb-Daimler-Stadion','Stuttgart','Germany','Portugal','','52000','97410063','GER','POR');
INSERT INTO TABELAO VALUES ('2002','11 Jun 2002 - 15:30','Group A','Suwon World Cup Stadium','Suwon','Senegal','Uruguay','','33681','43950034','SEN','URU');
INSERT INTO TABELAO VALUES ('2002','05 Jun 2002 - 18:00','Group D','Suwon World Cup Stadium','Suwon','USA','Portugal','','37306','43950016','USA','POR');
INSERT INTO TABELAO VALUES ('2002','13 Jun 2002 - 15:30','Group C','Suwon World Cup Stadium','Suwon','Costa Rica','Brazil','','38524','43950041','CRC','BRA');
INSERT INTO TABELAO VALUES ('2002','16 Jun 2002 - 20:30','Round of 16','Suwon World Cup Stadium','Suwon','Spain','Republic of Ireland','Spain win on penalties (3 - 2) ','38926','43950052','ESP','IRL');
INSERT INTO TABELAO VALUES ('1998','14 Jun 1998 - 14:30','Group H','Stade Municipal','Toulouse','Argentina','Japan','','33500','8734','ARG','JPN');
INSERT INTO TABELAO VALUES ('1998','11 Jun 1998 - 21:00','Group B','Stade Municipal','Toulouse','Cameroon','Austria','','33500','8727','CMR','AUT');
INSERT INTO TABELAO VALUES ('1998','24 Jun 1998 - 21:00','Group D','Stade Municipal','Toulouse','Nigeria','Paraguay','','33500','8763','NGA','PAR');
INSERT INTO TABELAO VALUES ('1998','22 Jun 1998 - 21:00','Group G','Stade Municipal','Toulouse','Romania','England','','33500','8756','ROU','ENG');
INSERT INTO TABELAO VALUES ('1998','18 Jun 1998 - 17:30','Group C','Stade Municipal','Toulouse','South Africa','Denmark','','33500','8746','RSA','DEN');
INSERT INTO TABELAO VALUES ('1998','29 Jun 1998 - 21:00','Round of 16','Stade Municipal','Toulouse','Netherlands','Yugoslavia','','33500','8778','NED','YUG');
INSERT INTO TABELAO VALUES ('2010','29 Jun 2010 - 16:00','Round of 16','Loftus Versfeld Stadium','Tshwane/Pretoria','Paraguay','Japan','Paraguay win on penalties (5 - 3) ','36742','300061497','PAR','JPN');
INSERT INTO TABELAO VALUES ('2010','23 Jun 2010 - 16:00','Group C','Loftus Versfeld Stadium','Tshwane/Pretoria','USA','Algeria','','35827','300061461','USA','ALG');
INSERT INTO TABELAO VALUES ('2010','19 Jun 2010 - 20:30','Group E','Loftus Versfeld Stadium','Tshwane/Pretoria','Cameroon','Denmark','','38074','300061475','CMR','DEN');
INSERT INTO TABELAO VALUES ('2010','13 Jun 2010 - 16:00','Group D','Loftus Versfeld Stadium','Tshwane/Pretoria','Serbia','Ghana','','38833','300061471','SRB','GHA');
INSERT INTO TABELAO VALUES ('2010','25 Jun 2010 - 20:30','Group H','Loftus Versfeld Stadium','Tshwane/Pretoria','Chile','Spain','','41958','300061491','CHI','ESP');
INSERT INTO TABELAO VALUES ('2010','16 Jun 2010 - 20:30','Group A','Loftus Versfeld Stadium','Tshwane/Pretoria','South Africa','Uruguay','','42658','300061452','RSA','URU');
INSERT INTO TABELAO VALUES ('2002','01 Jun 2002 - 18:00','Group A','Munsu Football Stadium','Ulsan','Uruguay','Denmark','','30157','43950003','URU','DEN');
INSERT INTO TABELAO VALUES ('2002','03 Jun 2002 - 18:00','Group C','Munsu Football Stadium','Ulsan','Brazil','Turkey','','33842','43950010','BRA','TUR');
INSERT INTO TABELAO VALUES ('2002','21 Jun 2002 - 20:30','Quarter-finals','Munsu Football Stadium','Ulsan','Germany','USA','','37337','43950058','GER','USA');
INSERT INTO TABELAO VALUES ('2002','11 Jun 2002 - 20:30','Group E','International Stadium Yokohama','Yokohama','Saudi Arabia','Republic of Ireland','','65320','43950036','KSA','IRL');
INSERT INTO TABELAO VALUES ('2002','13 Jun 2002 - 20:30','Group G','International Stadium Yokohama','Yokohama','Ecuador','Croatia','','65862','43950044','ECU','CRO');
INSERT INTO TABELAO VALUES ('2002','09 Jun 2002 - 20:30','Group H','International Stadium Yokohama','Yokohama','Japan','Russia','','66108','43950029','JPN','RUS');
INSERT INTO TABELAO VALUES ('2002','30 Jun 2002 - 20:00','Final','International Stadium Yokohama','Yokohama','Germany','Brazil','','69029','43950064','GER','BRA');

update tabelao set tab_cop_edicao = (select cop_id from copas where cop_edicao = tabelao.tab_cop_edicao);
update tabelao set tab_cid_nome = (select cid_id from cidades where cid_nome = tabelao.tab_cid_nome);